tract_id,month 1,ci integral,norm ci integral,month 2, , ,month 3, , ,month 4, , ,month 5, , ,month 6, , ,month 7, , ,month 8, , ,month 9, , ,month 10, , ,month 11, , ,month 12, , ,month 13, , ,month 14, , ,month 15, , ,month 16, , ,month 17, , ,month 18, , ,month 19, , ,month 20, , ,month 21, , ,month 22, , ,month 23, , ,month 24, , ,month 25, , ,month 26, , ,month 27, , ,month 28, , ,month 29, , ,month 30, , ,month 31, , ,month 32, , ,month 33, , ,month 34, , ,month 35, , ,month 36, , ,month 37, , 
22033004503, ,0.0,0.0, ,0.0,0.0, ,0.0,0.0, ,0.0,0.0, ,0.0,0.0, ,0.0,0.0, ,0.0,0.0, ,0.0,0.0, ,0.0,0.0, ,0.0,0.0, ,0.0,0.0, ,0.0,0.0, ,0.0,0.0, ,0.0,0.0, ,0.0,0.0, ,0.0,0.0, ,0.04553586938493187,0.015031310578833652, ,0.0,0.0, ,0.0,0.0, ,0.0,0.0, ,0.0,0.0, ,0.0,0.0, ,0.0,0.0, ,0.0,0.0, ,0.0,0.0, ,0.0,0.0, ,0.0,0.0, ,0.0,0.0, ,0.0,0.0, ,0.0,0.0, ,0.0,0.0, ,0.0,0.0, ,0.0,0.0, ,0.0,0.0, ,0.0,0.0, ,0.0,0.0, ,0.0,0.0
22033001000, ,0.0,0.0, ,0.0,0.0, ,0.0,0.0, ,0.0,0.0, ,0.0,0.0, ,0.0,0.0, ,0.0,0.0, ,0.0,0.0, ,0.0,0.0, ,0.0,0.0, ,0.0,0.0, ,0.0,0.0, ,0.0,0.0, ,0.0,0.0, ,0.0,0.0, ,0.0,0.0, ,0.0,0.0, ,0.0,0.0, ,0.0,0.0, ,0.0,0.0, ,0.0,0.0, ,0.0,0.0, ,0.0,0.0, ,0.0,0.0, ,0.0,0.0, ,0.0,0.0, ,0.0,0.0, ,0.0,0.0, ,0.0,0.0, ,0.0,0.0, ,0.0,0.0, ,0.0,0.0, ,0.0,0.0, ,0.0,0.0, ,0.0,0.0, ,0.0,0.0, ,0.0,0.0
22033003604, ,0.0,0.0, ,-0.10045914656691313,-0.033161387998699804, ,0.0,0.0, ,0.0,0.0, ,0.0,0.0, ,0.0,0.0, ,0.0,0.0, ,0.033193515513842975,0.010957121224021477, ,0.0,0.0, ,0.0,0.0, ,0.0,0.0, ,0.0,0.0, ,0.0,0.0, ,0.0,0.0, ,0.0,0.0, ,0.0,0.0, ,0.0,0.0, ,0.0,0.0, ,0.0,0.0, ,0.0,0.0, ,0.0,0.0, ,0.0,0.0, ,0.0,0.0, ,0.0,0.0, ,0.0,0.0, ,0.0,0.0, ,0.0,0.0, ,0.0,0.0, ,0.0,0.0, ,0.0,0.0, ,0.0,0.0, ,0.0,0.0, ,0.0,0.0, ,0.0,0.0, ,0.0,0.0, ,0.0,0.0, ,0.0,0.0
22033001700, ,0.0,0.0, ,0.0,0.0, ,0.0,0.0, ,0.0,0.0, ,0.0,0.0, ,0.0,0.0, ,0.0,0.0, ,0.0,0.0, ,0.0,0.0, ,0.0,0.0, ,-0.0077398168861566585,-0.0025548999724955175, ,0.0,0.0, ,0.0,0.0, ,0.0,0.0, ,0.0,0.0, ,0.0,0.0, ,0.0,0.0, ,0.0,0.0, ,0.0,0.0, ,-0.04030637943707993,-0.013305065123617585, ,0.0,0.0, ,0.0,0.0, ,0.06555920789377412,0.021640979484180676, ,0.16156191334915904,0.05333130409200934, ,0.10620755538652049,0.0350589276628973, ,0.13978930399339395,0.04614420394966704, ,0.13793605490384597,0.04553244967723946, ,0.04269468685508393,0.014093441211362375, ,0.0,0.0, ,-0.07111986987905872,-0.02347654424782138, ,-0.1990794943940224,-0.06571579176006548, ,-0.18650356232637177,-0.06156449865244508, ,-0.15222101675041322,-0.050247890515920234, ,-0.19662900337885758,-0.06490688897601601, ,-0.2779478751793054,-0.09175010586115066, ,-0.35019429991375683,-0.11559852388988869, ,-0.4448330472415969,-0.14683860831325224
22033003701, ,0.0,0.0, ,-0.01529059035659941,-0.005047397045192231, ,0.0,0.0, ,0.0,0.0, ,0.0,0.0, ,0.0,0.0, ,0.0,0.0, ,0.0,0.0, ,0.0,0.0, ,0.0,0.0, ,0.0,0.0, ,0.0,0.0, ,0.0,0.0, ,0.0,0.0, ,0.0,0.0, ,0.0,0.0, ,0.0,0.0, ,0.01295655276053198,0.004276935330437462, ,0.0,0.0, ,0.0,0.0, ,0.0,0.0, ,0.0,0.0, ,0.0,0.0, ,0.0,0.0, ,0.0,0.0, ,0.0,0.0, ,0.0,0.0, ,0.0,0.0, ,-0.03148122460728109,-0.010391897000447936, ,0.0,0.0, ,0.0,0.0, ,0.0,0.0, ,0.0,0.0, ,0.0,0.0, ,0.0,0.0, ,0.0,0.0, ,0.0,0.0
22033003801, ,0.0,0.0, ,0.0,0.0, ,0.0,0.0, ,0.0,0.0, ,0.0,0.0, ,0.0,0.0, ,0.0,0.0, ,0.0,0.0, ,0.0,0.0, ,0.0,0.0, ,0.0,0.0, ,0.0,0.0, ,0.0,0.0, ,0.0,0.0, ,0.0,0.0, ,0.003190004507167332,0.0010530148900808802, ,0.0,0.0, ,0.0,0.0, ,0.0,0.0, ,0.0,0.0, ,0.0,0.0, ,0.0,0.0, ,0.0,0.0, ,0.0,0.0, ,0.0,0.0, ,0.0,0.0, ,0.0,0.0, ,0.0,0.0, ,0.0,0.0, ,0.0,0.0, ,0.0,0.0, ,0.0,0.0, ,0.0,0.0, ,0.0,0.0, ,0.0,0.0, ,0.0,0.0, ,0.0,0.0
22033005100, ,0.0,0.0, ,0.018569861156076728,0.006129878581722523, ,0.0,0.0, ,0.0,0.0, ,0.0,0.0, ,0.0,0.0, ,0.0,0.0, ,0.0,0.0, ,0.0,0.0, ,0.0,0.0, ,0.0012995670648197066,0.00042898480765126784, ,0.0,0.0, ,0.0,0.0, ,0.0,0.0, ,0.0,0.0, ,0.0,0.0, ,0.0,0.0, ,0.0,0.0, ,0.0,0.0, ,0.0,0.0, ,0.0,0.0, ,0.0,0.0, ,0.0,0.0, ,0.0,0.0, ,0.0,0.0, ,0.0,0.0, ,0.0,0.0, ,0.0,0.0, ,0.0,0.0, ,0.0,0.0, ,0.0,0.0, ,0.0,0.0, ,0.0,0.0, ,0.0,0.0, ,0.0,0.0, ,0.0,0.0, ,0.0,0.0
22033001600, ,0.0,0.0, ,0.0,0.0, ,0.0,0.0, ,0.0,0.0, ,0.0,0.0, ,0.0,0.0, ,0.0,0.0, ,0.0,0.0, ,0.0,0.0, ,0.0,0.0, ,0.0,0.0, ,0.0,0.0, ,0.0,0.0, ,0.0,0.0, ,0.0,0.0, ,0.0,0.0, ,0.0,0.0, ,0.0,0.0, ,0.0,0.0, ,0.0,0.0, ,0.0,0.0, ,0.0,0.0, ,0.0,0.0, ,0.0,0.0, ,0.0,0.0, ,0.0,0.0, ,0.0,0.0, ,-0.04940460176250028,-0.016308372347920312, ,-0.07818099844956772,-0.025807410398265812, ,-0.07313584756023905,-0.024142014942794998, ,-0.007004365713185079,-0.002312128830847755, ,0.0,0.0, ,0.0,0.0, ,0.0,0.0, ,0.0,0.0, ,0.0,0.0, ,0.0,0.0
22033003907, ,0.0,0.0, ,0.0,0.0, ,0.0,0.0, ,0.0,0.0, ,0.0,0.0, ,0.0,0.0, ,0.0,0.0, ,0.0,0.0, ,0.0,0.0, ,0.0,0.0, ,0.0,0.0, ,0.0,0.0, ,0.0,0.0, ,0.0,0.0, ,0.0,0.0, ,0.0,0.0, ,0.0,0.0, ,0.0,0.0, ,0.0,0.0, ,0.0,0.0, ,0.0,0.0, ,0.0,0.0, ,0.0,0.0, ,0.0,0.0, ,0.0,0.0, ,0.0,0.0, ,0.0,0.0, ,0.0,0.0, ,0.0,0.0, ,0.0,0.0, ,0.0,0.0, ,0.0,0.0, ,0.0,0.0, ,0.0,0.0, ,0.0,0.0, ,0.0,0.0, ,0.0,0.0
22033003506, ,0.01170679805788466,0.003864393496129891, ,0.0,0.0, ,0.0,0.0, ,0.0,0.0, ,0.0,0.0, ,0.0,0.0, ,0.0,0.0, ,0.0,0.0, ,0.0,0.0, ,0.0,0.0, ,0.0,0.0, ,0.0,0.0, ,0.0,0.0, ,-0.003269262384344551,-0.0010791777762574654, ,0.0,0.0, ,0.0,0.0, ,0.0,0.0, ,0.0,0.0, ,0.0,0.0, ,0.0,0.0, ,0.0,0.0, ,0.0,0.0, ,-0.09183039635707746,-0.030313052695934397, ,-0.16384845597740616,-0.05408608780122953, ,-0.2316119578328385,-0.07645470085411718, ,-0.2867245388748082,-0.09464726714598014, ,-0.21923497009671122,-0.07236907892123041, ,-0.22436345201116425,-0.07406198180186772, ,-0.21047271600456363,-0.06947667422118291, ,-0.283559244014595,-0.09360240886699898, ,-0.2910095028416081,-0.09606172623227999, ,-0.17942742934017775,-0.05922867957071237, ,-0.13584636540095396,-0.04484264683926636, ,-0.09511271124884202,-0.031396539081987015, ,-0.09982184591429066,-0.03295101617158736, ,-0.17112780657929305,-0.05648898866130159, ,-0.33018463042584323,-0.10899336710436416
22033000702, ,0.0,0.0, ,0.0,0.0, ,0.0,0.0, ,0.0,0.0, ,0.0,0.0, ,0.0,0.0, ,0.0,0.0, ,0.0,0.0, ,0.0,0.0, ,0.0,0.0, ,0.0,0.0, ,0.0,0.0, ,0.0,0.0, ,0.0,0.0, ,0.0,0.0, ,0.0,0.0, ,0.0,0.0, ,0.0,0.0, ,0.0,0.0, ,0.0,0.0, ,0.0,0.0, ,0.0,0.0, ,0.0,0.0, ,0.0,0.0, ,-0.046589934200228944,-0.015379255524718315, ,-0.011185359621501911,-0.0036922675832862435, ,-0.03367421237457946,-0.011115798414236527, ,-0.007596525234096152,-0.0025075996495947236, ,-0.11446862711965311,-0.03778589294569545, ,-0.10765933020269358,-0.035538155982180214, ,-0.024590176698486843,-0.008117174177982526, ,0.0,0.0, ,0.0,0.0, ,0.0,0.0, ,-0.04292616549887929,-0.014169851905486655, ,-0.13973068926259202,-0.046124855329884897, ,-0.29771702507351727,-0.09827586755085162
22033004013, ,0.0,0.0, ,0.0,0.0, ,0.0,0.0, ,0.0,0.0, ,0.0,0.0, ,0.0,0.0, ,0.0,0.0, ,0.0,0.0, ,0.0,0.0, ,0.0,0.0, ,0.0,0.0, ,0.0,0.0, ,0.0,0.0, ,0.0,0.0, ,0.0,0.0, ,0.0,0.0, ,0.0,0.0, ,0.0,0.0, ,0.0,0.0, ,0.0,0.0, ,0.0,0.0, ,0.0,0.0, ,0.0,0.0, ,0.0,0.0, ,0.0,0.0, ,0.0,0.0, ,0.0,0.0, ,0.0,0.0, ,0.0,0.0, ,0.0,0.0, ,0.0,0.0, ,0.0,0.0, ,0.0,0.0, ,0.0,0.0, ,0.0,0.0, ,0.0,0.0, ,0.0,0.0
22033002700, ,0.0,0.0, ,0.0,0.0, ,-0.011599405540917429,-0.00382894341472854, ,0.0,0.0, ,0.0,0.0, ,0.0,0.0, ,0.0,0.0, ,0.0,0.0, ,0.0,0.0, ,0.0,0.0, ,0.0,0.0, ,0.0,0.0, ,0.0,0.0, ,0.0,0.0, ,0.0,0.0, ,0.0,0.0, ,0.0,0.0, ,0.0,0.0, ,0.0,0.0, ,0.0,0.0, ,0.0,0.0, ,0.0,0.0, ,0.0,0.0, ,0.0,0.0, ,0.0,0.0, ,0.0,0.0, ,0.0,0.0, ,0.0,0.0, ,0.0,0.0, ,0.0,0.0, ,0.0,0.0, ,0.0,0.0, ,0.0,0.0, ,0.0,0.0, ,0.0,0.0, ,0.0,0.0, ,0.0,0.0
22033004009, ,0.0,0.0, ,0.0,0.0, ,0.0,0.0, ,0.0,0.0, ,0.0,0.0, ,0.0,0.0, ,0.0,0.0, ,-0.002850367095982742,-0.0009409011766355419, ,0.0,0.0, ,0.0,0.0, ,0.0,0.0, ,0.007112912729499321,0.002347960010457669, ,0.0,0.0, ,0.0,0.0, ,0.0,0.0, ,0.0,0.0, ,0.0,0.0, ,0.0,0.0, ,0.0,0.0, ,0.0,0.0, ,0.0,0.0, ,0.0,0.0, ,-0.05543631340593569,-0.01829942977713119, ,-0.14603851182079464,-0.04820705648754834, ,-0.1768271824431471,-0.05837034263284665, ,-0.2381424000970611,-0.07861038838609069, ,-0.2623868421500086,-0.08661343616426663, ,-0.2832476251010243,-0.09349954401044988, ,-0.265977722159942,-0.0877987793543649, ,-0.22211488707515492,-0.07331973446221297, ,-0.142098875482838,-0.04690658944555791, ,-0.16012817726349188,-0.05285803032601256, ,-0.13799046671971793,-0.04555041092217838, ,-0.13391436094144626,-0.04420489555741291, ,-0.14552698625778138,-0.048038202796809114, ,-0.16280829914763228,-0.05374273385696071, ,-0.1691083798668347,-0.05582237944715536
22033003703, ,0.0,0.0, ,0.0,0.0, ,0.0,0.0, ,0.0,0.0, ,0.0,0.0, ,0.0,0.0, ,0.0,0.0, ,0.0,0.0, ,0.0,0.0, ,0.0,0.0, ,0.0,0.0, ,0.0,0.0, ,0.0,0.0, ,0.0,0.0, ,0.0,0.0, ,0.0,0.0, ,0.0035170880500817736,0.0011609845936394365, ,0.0,0.0, ,0.0,0.0, ,0.005569774276613759,0.0018385727150184554, ,0.0,0.0, ,0.0,0.0, ,0.0,0.0, ,0.0,0.0, ,0.0,0.0, ,0.0,0.0, ,0.0,0.0, ,0.0,0.0, ,0.0,0.0, ,0.0,0.0, ,0.0,0.0, ,0.0,0.0, ,0.0,0.0, ,0.0,0.0, ,0.0,0.0, ,0.0,0.0, ,0.0,0.0
22033002500, ,0.0,0.0, ,0.04381624743152579,0.014463666389561166, ,0.0,0.0, ,0.0,0.0, ,0.0,0.0, ,0.0,0.0, ,0.0,0.0, ,0.0,0.0, ,0.0,0.0, ,0.0,0.0, ,0.0,0.0, ,0.0,0.0, ,0.0,0.0, ,0.0,0.0, ,0.0,0.0, ,0.0,0.0, ,0.0,0.0, ,0.0,0.0, ,0.0,0.0, ,0.0,0.0, ,0.0,0.0, ,0.0,0.0, ,0.0,0.0, ,0.0,0.0, ,0.0,0.0, ,0.0,0.0, ,0.0,0.0, ,0.0,0.0, ,0.0,0.0, ,0.0,0.0, ,0.0,0.0, ,0.0,0.0, ,0.0,0.0, ,0.0,0.0, ,0.0,0.0, ,0.0,0.0, ,0.0,0.0
22033003601, ,0.0,0.0, ,-0.035331522512782376,-0.011662873582653563, ,0.0,0.0, ,0.0,0.0, ,0.0,0.0, ,0.0,0.0, ,0.0,0.0, ,0.0,0.0, ,0.0,0.0, ,0.0,0.0, ,0.0,0.0, ,0.0,0.0, ,0.0,0.0, ,0.0,0.0, ,0.0,0.0, ,0.0,0.0, ,0.0,0.0, ,0.0,0.0, ,0.0,0.0, ,0.0,0.0, ,0.0,0.0, ,0.0,0.0, ,0.0,0.0, ,0.0,0.0, ,0.0,0.0, ,0.0,0.0, ,0.0,0.0, ,0.0,0.0, ,0.0,0.0, ,0.0,0.0, ,0.0,0.0, ,0.0,0.0, ,0.0,0.0, ,0.0,0.0, ,0.0,0.0, ,0.0,0.0, ,0.0,0.0
22033003505, ,0.0,0.0, ,0.0,0.0, ,0.0,0.0, ,0.0,0.0, ,0.0,0.0, ,0.0,0.0, ,0.0,0.0, ,0.0,0.0, ,0.0,0.0, ,0.0,0.0, ,0.0,0.0, ,0.0,0.0, ,0.0,0.0, ,0.0,0.0, ,0.0,0.0, ,0.0030197214143885542,0.0009968047399628473, ,0.0,0.0, ,0.0,0.0, ,0.0,0.0, ,0.0,0.0, ,0.0,0.0, ,0.0,0.0, ,0.0,0.0, ,0.0,0.0, ,0.0,0.0, ,0.0,0.0, ,0.0,0.0, ,0.0,0.0, ,0.0,0.0, ,0.0,0.0, ,0.0,0.0, ,0.0,0.0, ,0.0,0.0, ,0.0,0.0, ,0.0,0.0, ,0.0,0.0, ,-0.011402479837912427,-0.0037639385857265745
22033000400, ,0.0,0.0, ,0.0,0.0, ,0.0,0.0, ,0.0,0.0, ,0.0,0.0, ,0.0,0.0, ,0.0,0.0, ,0.013901515287545685,0.004588865802409579, ,0.0,0.0, ,0.0,0.0, ,-0.023743291775218722,-0.007837618950902856, ,0.0,0.0, ,0.0,0.0, ,0.0,0.0, ,0.0,0.0, ,0.0,0.0, ,0.0,0.0, ,0.0,0.0, ,0.0,0.0, ,0.0,0.0, ,0.0,0.0, ,0.0,0.0, ,-0.018642511436597786,-0.006153860311837745, ,-0.05077362351282799,-0.016760284025380538, ,-0.1056908112463757,-0.03488835132900438, ,-0.18938145981493415,-0.06251448756336156, ,-0.2663151655326883,-0.08791016881957182, ,-0.26140873370692885,-0.08629056428356469, ,-0.22839635579279527,-0.07539323626335183, ,-0.1934016041923885,-0.06384153016791681, ,0.0,0.0, ,0.0,0.0, ,0.0,0.0, ,0.0,0.0, ,0.0,0.0, ,-0.06974738400698,-0.023023489069849894, ,-0.34705803023255655,-0.11456324677156708
22033003400, ,0.0,0.0, ,0.0,0.0, ,0.0,0.0, ,0.0,0.0, ,0.0,0.0, ,0.0,0.0, ,0.0,0.0, ,0.0,0.0, ,0.0,0.0, ,0.0,0.0, ,0.0,0.0, ,0.0,0.0, ,0.0,0.0, ,0.0,0.0, ,0.0,0.0, ,0.0,0.0, ,0.05387482158830181,0.017783984068194557, ,0.0,0.0, ,0.0,0.0, ,0.0,0.0, ,0.0,0.0, ,0.0,0.0, ,0.0,0.0, ,0.0,0.0, ,0.0,0.0, ,0.0,0.0, ,0.0,0.0, ,0.0,0.0, ,0.0,0.0, ,0.0,0.0, ,0.0,0.0, ,0.0,0.0, ,0.0,0.0, ,0.0,0.0, ,0.0,0.0, ,0.0,0.0, ,0.0,0.0
22033001102, ,-0.012918990514481588,-0.004264536098929458, ,0.0,0.0, ,0.0,0.0, ,0.0,0.0, ,0.0,0.0, ,0.0,0.0, ,0.0,0.0, ,0.0,0.0, ,0.0,0.0, ,0.0,0.0, ,0.0,0.0, ,0.0,0.0, ,0.0,0.0, ,0.0,0.0, ,0.0,0.0, ,0.0,0.0, ,0.0,0.0, ,0.0,0.0, ,0.0,0.0, ,0.0,0.0, ,0.009403355483256326,0.003104031144264837, ,0.033407827367290976,0.011027865190775924, ,0.05967531030833695,0.019698715216134838, ,0.0,0.0, ,0.0,0.0, ,0.0,0.0, ,0.0,0.0, ,-0.04732097599416635,-0.015620571138084358, ,-0.06509816262602491,-0.021488789250326636, ,-0.10912115717987564,-0.03602070250217291, ,-0.10625516437693888,-0.035074643307091424, ,-0.11429126142945178,-0.037727344842596586, ,-0.10055178411488391,-0.03319196749072706, ,-0.12148805691997766,-0.04010299440527388, ,-0.12997106034287625,-0.04290321894942394, ,-0.19753683591353438,-0.06520656290267245, ,-0.3065104892716436,-0.10117857465211605
22033003908, ,0.0,0.0, ,0.0,0.0, ,0.0,0.0, ,0.0,0.0, ,0.0,0.0, ,0.0,0.0, ,0.0,0.0, ,0.0,0.0, ,0.0,0.0, ,0.0,0.0, ,0.0,0.0, ,0.0,0.0, ,0.0,0.0, ,-0.02226636218201694,-0.007350087083863713, ,0.0,0.0, ,0.0,0.0, ,0.0,0.0, ,0.0,0.0, ,0.0,0.0, ,0.0,0.0, ,0.0,0.0, ,0.0,0.0, ,0.0,0.0, ,0.0,0.0, ,0.0,0.0, ,0.0,0.0, ,0.0,0.0, ,0.0,0.0, ,0.0,0.0, ,0.0,0.0, ,-0.00024021491241729698,-7.929452106621106e-05, ,0.0,0.0, ,0.0,0.0, ,0.0,0.0, ,0.0,0.0, ,0.0,0.0, ,0.0,0.0
22033001900, ,0.0,0.0, ,0.0,0.0, ,0.0,0.0, ,0.0,0.0, ,0.0,0.0, ,0.0,0.0, ,0.0,0.0, ,0.0,0.0, ,0.0,0.0, ,0.0,0.0, ,0.0,0.0, ,0.0,0.0, ,0.0,0.0, ,0.0,0.0, ,0.0,0.0, ,0.0,0.0, ,0.0,0.0, ,0.0,0.0, ,0.0,0.0, ,0.0,0.0, ,0.0,0.0, ,0.0,0.0, ,0.0,0.0, ,0.0,0.0, ,0.0,0.0, ,0.0,0.0, ,0.0,0.0, ,0.0,0.0, ,0.0,0.0, ,0.0,0.0, ,0.0,0.0, ,0.0,0.0, ,0.0,0.0, ,0.0,0.0, ,0.0,0.0, ,-0.01868388985229849,-0.006167519254250803, ,-0.042444977600656554,-0.014011012624659055
22033004900, ,0.0,0.0, ,0.0,0.0, ,0.0,0.0, ,-0.0050623549629418285,-0.0016710744899812655, ,0.0,0.0, ,0.0,0.0, ,0.0,0.0, ,0.0,0.0, ,0.0,0.0, ,0.0,0.0, ,0.0,0.0, ,0.0,0.0, ,0.0,0.0, ,0.0,0.0, ,0.0,0.0, ,0.0,0.0, ,0.0,0.0, ,0.0,0.0, ,0.0,0.0, ,0.0,0.0, ,0.0,0.0, ,0.0,0.0, ,0.0,0.0, ,0.0,0.0, ,0.0,0.0, ,0.0,0.0, ,0.0,0.0, ,0.0,0.0, ,0.0,0.0, ,0.0,0.0, ,0.0,0.0, ,0.0,0.0, ,0.0,0.0, ,0.0,0.0, ,0.0,0.0, ,0.0,0.0, ,0.0,0.0
22033002602, ,0.0,0.0, ,0.0,0.0, ,0.0,0.0, ,0.0,0.0, ,0.0,0.0, ,0.0,0.0, ,0.0,0.0, ,0.0,0.0, ,0.0,0.0, ,0.0,0.0, ,0.0,0.0, ,0.0,0.0, ,0.0,0.0, ,0.0,0.0, ,0.0,0.0, ,0.0,0.0, ,0.0,0.0, ,0.0,0.0, ,0.0,0.0, ,0.0,0.0, ,0.0,0.0, ,0.0,0.0, ,0.0,0.0, ,0.0,0.0, ,0.0,0.0, ,0.0,0.0, ,0.0,0.0, ,0.0,0.0, ,0.0,0.0, ,0.0,0.0, ,0.0,0.0, ,0.0,0.0, ,0.0,0.0, ,0.0,0.0, ,0.0,0.0, ,0.0,0.0, ,0.0,0.0
22033003201, ,0.0,0.0, ,0.0,0.0, ,0.0,0.0, ,0.0,0.0, ,0.0,0.0, ,0.0,0.0, ,0.0,0.0, ,0.0,0.0, ,0.0,0.0, ,0.006862447876272881,0.0022652820019166834, ,0.0,0.0, ,0.0,0.0, ,0.0,0.0, ,0.0,0.0, ,0.0,0.0, ,0.0,0.0, ,0.0,0.0, ,0.0,0.0, ,0.0,0.0, ,0.0,0.0, ,0.0,0.0, ,0.0,0.0, ,0.0,0.0, ,0.0,0.0, ,0.0,0.0, ,-0.002031498602837467,-0.0006705941239769367, ,0.0,0.0, ,0.0,0.0, ,0.0,0.0, ,0.0,0.0, ,0.0,0.0, ,0.0,0.0, ,0.0,0.0, ,0.0,0.0, ,0.0,0.0, ,0.0,0.0, ,0.0,0.0
22033002300, ,0.0,0.0, ,0.012822656488001793,0.004232736405832865, ,0.0,0.0, ,0.0,0.0, ,0.0,0.0, ,0.0,0.0, ,0.0,0.0, ,0.0,0.0, ,0.006027835267465309,0.0019897778443053096, ,0.0,0.0, ,0.0,0.0, ,0.0,0.0, ,0.0,0.0, ,0.0,0.0, ,0.0,0.0, ,0.0,0.0, ,0.0,0.0, ,0.0,0.0, ,0.0,0.0, ,-0.010326221543572545,-0.003408667611354406, ,0.0,0.0, ,0.0,0.0, ,0.0,0.0, ,0.0,0.0, ,-0.026519092005048317,-0.008753905735869196, ,-0.03897722746995308,-0.012866314391629528, ,-0.05144740026351852,-0.01698269654845796, ,-0.08017874709352418,-0.02646686372003966, ,-0.09858172203724475,-0.032541653455910896, ,-0.06803078700770317,-0.022456843412627367, ,-0.014428944184078446,-0.004762969155636845, ,0.0,0.0, ,0.0,0.0, ,0.0,0.0, ,0.0,0.0, ,0.0,0.0, ,-0.01876407632333857,-0.006193988667632047
22033003904, ,0.0,0.0, ,-0.06411864247741961,-0.021165451368107924, ,0.0,0.0, ,0.0,0.0, ,0.0,0.0, ,0.0,0.0, ,0.0,0.0, ,0.0,0.0, ,0.0,0.0, ,0.0,0.0, ,0.0,0.0, ,0.0,0.0, ,0.0,0.0, ,0.0,0.0, ,0.0,0.0, ,0.0,0.0, ,0.0,0.0, ,0.0,0.0, ,0.0,0.0, ,0.0,0.0, ,0.0,0.0, ,0.0,0.0, ,0.0,0.0, ,0.0,0.0, ,0.0,0.0, ,0.0,0.0, ,0.0,0.0, ,0.0,0.0, ,0.0,0.0, ,0.0,0.0, ,0.0,0.0, ,0.0,0.0, ,0.0,0.0, ,0.0,0.0, ,0.0,0.0, ,0.0,0.0, ,0.0,0.0
22033000200, ,0.0,0.0, ,0.0,0.0, ,0.0,0.0, ,0.0,0.0, ,0.0,0.0, ,0.0,0.0, ,0.0,0.0, ,0.0,0.0, ,0.0,0.0, ,0.0,0.0, ,0.0,0.0, ,0.0,0.0, ,0.0,0.0, ,0.0,0.0, ,0.0,0.0, ,0.0,0.0, ,-0.02476142852310792,-0.008173704104781796, ,0.0,0.0, ,0.0,0.0, ,0.0,0.0, ,-0.09124890910848737,-0.030121104775553166, ,-0.13603238753868685,-0.04490405242050529, ,-0.19847097448095852,-0.06551492040457764, ,-0.22738193059931877,-0.07505837628707158, ,-0.18407568594375934,-0.06076306091891761, ,-0.19221835978961876,-0.06345094326688834, ,-0.07932303210127256,-0.026184393702683304, ,-0.022386735394928747,-0.007389822070218187, ,-0.03487528483764102,-0.011512270326683137, ,0.0,0.0, ,0.0,0.0, ,0.0,0.0, ,0.03438282669243797,0.011349710757104066, ,0.1097499127079331,0.036228253598661206, ,0.07873655105788502,0.025990797339402412, ,0.0,0.0, ,-0.11738626098672333,-0.038748998765429025
22033000900, ,0.0,0.0, ,0.047213542008653686,0.015585107367988928, ,0.0,0.0, ,0.0,0.0, ,0.0,0.0, ,0.0,0.0, ,0.0,0.0, ,0.0,0.0, ,0.0,0.0, ,0.0,0.0, ,0.0,0.0, ,0.0,0.0, ,0.0,0.0, ,0.0,0.0, ,0.0,0.0, ,0.0,0.0, ,0.0,0.0, ,0.0,0.0, ,0.0,0.0, ,0.0,0.0, ,-0.028319013714347196,-0.00934805673365402, ,0.0,0.0, ,0.0,0.0, ,0.0,0.0, ,0.0,0.0, ,0.0,0.0, ,0.0,0.0, ,0.0,0.0, ,0.0,0.0, ,0.0,0.0, ,0.0,0.0, ,0.0,0.0, ,0.0,0.0, ,0.0,0.0, ,0.0,0.0, ,0.0,0.0, ,0.0,0.0
22033000701, ,0.0,0.0, ,0.0,0.0, ,0.0,0.0, ,0.0,0.0, ,0.0,0.0, ,0.0,0.0, ,0.0,0.0, ,0.0,0.0, ,0.0,0.0, ,0.0,0.0, ,0.0,0.0, ,0.0,0.0, ,0.0,0.0, ,0.0,0.0, ,0.0,0.0, ,0.0,0.0, ,0.0,0.0, ,0.0,0.0, ,0.0,0.0, ,0.0,0.0, ,-0.051260642394165945,-0.01692104810350242, ,-0.024494458961537346,-0.008085577920978436, ,0.0,0.0, ,0.0,0.0, ,0.0,0.0, ,0.027581889869347287,0.009104733445904865, ,0.09031141575195833,0.029811639863651335, ,0.1249765847194364,0.04125455131029942, ,0.11002715587339351,0.036319771081080754, ,0.0,0.0, ,0.028082542004165045,0.009269997837077158, ,0.05396647190365189,0.01781423767646608, ,0.015443159031843123,0.005097759697166728, ,0.0,0.0, ,0.0,0.0, ,0.0,0.0, ,-0.05666498329485703,-0.018705011551426887
22033005300, ,0.0,0.0, ,0.0,0.0, ,0.0,0.0, ,0.0,0.0, ,0.0,0.0, ,0.0,0.0, ,0.0,0.0, ,0.0,0.0, ,0.0,0.0, ,0.0,0.0, ,0.0,0.0, ,0.0,0.0, ,0.0,0.0, ,0.0,0.0, ,0.0,0.0, ,0.0017059896797568808,0.000563144199662435, ,-0.011566098120590507,-0.003817948693725598, ,0.0,0.0, ,0.0,0.0, ,0.0,0.0, ,-0.042714040597913394,-0.014099829847908947, ,-0.09010579527627605,-0.029743764905445953, ,-0.16993616852375415,-0.05609563103022296, ,-0.24800508839871482,-0.08186604448768349, ,-0.25681372976151384,-0.08477376154437388, ,-0.23607714366438892,-0.07792865086172265, ,-0.32569112036236536,-0.10751006731750205, ,-0.39769053830162426,-0.13127694883658797, ,-0.4367623201556967,-0.1441744754644938, ,-0.29389747241242303,-0.09701503991987381, ,-0.2678654603317616,-0.08842191841232984, ,-0.24236552759352947,-0.08000443536204309, ,-0.18594069253208811,-0.06137869632106099, ,-0.15252149577545615,-0.05034707811481431, ,-0.12145631188104589,-0.04009251542362785, ,-0.09076335574923622,-0.029960824463700478, ,-0.05745234503154162,-0.01896491827906504
22033000100, ,0.0,0.0, ,0.0,0.0, ,0.0,0.0, ,0.0,0.0, ,0.0,0.0, ,0.0,0.0, ,0.0,0.0, ,0.0,0.0, ,0.0,0.0, ,0.0,0.0, ,0.0,0.0, ,0.0,0.0, ,0.0,0.0, ,0.0,0.0, ,0.0,0.0, ,0.0,0.0, ,0.0,0.0, ,0.0,0.0, ,0.0,0.0, ,0.0,0.0, ,0.0,0.0, ,0.0,0.0, ,0.0,0.0, ,0.0,0.0, ,0.0,0.0, ,0.0,0.0, ,0.0,0.0, ,0.0,0.0, ,0.0,0.0, ,0.0,0.0, ,0.0,0.0, ,0.0,0.0, ,0.0,0.0, ,0.0,0.0, ,0.0,0.0, ,0.0,0.0, ,0.0,0.0
22033003910, ,0.0,0.0, ,0.0,0.0, ,0.0,0.0, ,0.0,0.0, ,0.0,0.0, ,0.0,0.0, ,0.0,0.0, ,0.0,0.0, ,0.0,0.0, ,0.0,0.0, ,0.014159388535211481,0.004673989308954943, ,0.0,0.0, ,0.0,0.0, ,0.0,0.0, ,0.0,0.0, ,0.0,0.0, ,0.0,0.0, ,0.0,0.0, ,0.0,0.0, ,0.0,0.0, ,0.02143937709550886,0.0070771007579788275, ,0.05077872619496321,0.016761968411799322, ,0.0738178510279553,0.024367143090726587, ,0.056093199982855446,0.018516266883485313, ,0.015083806667309296,0.004979138112216083, ,0.013397323563887842,0.00442243299917235, ,0.0,0.0, ,0.0,0.0, ,0.0,0.0, ,0.0,0.0, ,0.0,0.0, ,0.04269733218552063,0.014094314430297575, ,0.09040697821136273,0.029843184863810265, ,0.11351563409380722,0.03747131162015053, ,0.11724604472184827,0.038702713622441536, ,0.09684645050596163,0.03196884336844267, ,0.04756516692668039,0.01570117813640749
22033005200, ,0.0,0.0, ,0.0,0.0, ,0.0,0.0, ,0.0,0.0, ,0.0,0.0, ,0.0,0.0, ,0.0,0.0, ,0.0,0.0, ,0.0,0.0, ,-0.0020274562094123594,-0.0006692597370007931, ,0.0,0.0, ,0.0,0.0, ,0.0,0.0, ,0.0,0.0, ,0.0,0.0, ,0.0,0.0, ,0.0,0.0, ,0.0,0.0, ,0.0,0.0, ,0.0,0.0, ,0.0,0.0, ,0.0,0.0, ,0.0,0.0, ,0.0,0.0, ,0.0,0.0, ,0.0,0.0, ,0.0,0.0, ,0.0,0.0, ,0.0,0.0, ,0.0,0.0, ,0.0,0.0, ,0.0,0.0, ,0.0,0.0, ,0.0,0.0, ,0.0,0.0, ,0.0,0.0, ,0.0,0.0
22033003300, ,0.0,0.0, ,0.0,0.0, ,0.0,0.0, ,0.0,0.0, ,0.0,0.0, ,0.0,0.0, ,0.0,0.0, ,0.0,0.0, ,0.022790661534116907,0.007523157379965354, ,0.0,0.0, ,0.0,0.0, ,0.0,0.0, ,0.0,0.0, ,0.0,0.0, ,0.0,0.0, ,0.0,0.0, ,0.0,0.0, ,-0.0028288969642419337,-0.0009338139238231171, ,0.0,0.0, ,0.0,0.0, ,0.0,0.0, ,0.0,0.0, ,0.0,0.0, ,0.0,0.0, ,0.0,0.0, ,0.0,0.0, ,-0.0022631798053890373,-0.0007470716823911984, ,-0.01208371694275312,-0.003988813758617736, ,-0.007295797909207424,-0.0024083300873572653, ,0.0,0.0, ,0.0,0.0, ,0.0,0.0, ,0.0,0.0, ,0.0,0.0, ,0.0,0.0, ,0.0,0.0, ,-0.005727373163218696,-0.001890595830936411
22033002601, ,0.0,0.0, ,0.0,0.0, ,0.0,0.0, ,0.0,0.0, ,0.0,0.0, ,0.0,0.0, ,0.0,0.0, ,0.0,0.0, ,0.0,0.0, ,0.0,0.0, ,0.0,0.0, ,0.0,0.0, ,0.0,0.0, ,0.0,0.0, ,0.0,0.0, ,0.0,0.0, ,0.0,0.0, ,0.0,0.0, ,0.0,0.0, ,-0.1450854067867211,-0.04789243818828403, ,-0.00040784911826097225,-0.00013463027825516287, ,0.0,0.0, ,0.0,0.0, ,0.0,0.0, ,0.0,0.0, ,0.0,0.0, ,0.0,0.0, ,0.0,0.0, ,-0.01606922344668682,-0.00530442246190545, ,-0.10049314529399805,-0.03317261091885048, ,0.0,0.0, ,0.0,0.0, ,0.0,0.0, ,0.11237907219490495,0.03709613453173148, ,0.09445334856764065,0.031178884617954535, ,0.0,0.0, ,0.0,0.0
22033004505, ,0.0,0.0, ,0.0,0.0, ,0.0,0.0, ,0.0,0.0, ,0.0,0.0, ,0.0,0.0, ,0.0,0.0, ,0.0,0.0, ,0.0,0.0, ,-0.008628818794702175,-0.0028483579425094907, ,0.0,0.0, ,0.0,0.0, ,0.0,0.0, ,0.0,0.0, ,0.0,0.0, ,0.0,0.0, ,0.0,0.0, ,0.0,0.0, ,0.0,0.0, ,0.0,0.0, ,0.0,0.0, ,0.01657403470205282,0.005471059771472404, ,0.05506597581085526,0.018177181986853704, ,0.10489906054958431,0.03462699581333661, ,0.09493636221266133,0.03133832657459637, ,0.04528516016495682,0.014948551905257757, ,0.0,0.0, ,0.0,0.0, ,0.0,0.0, ,-0.05044878083450763,-0.01665305402729228, ,-0.0705564298796443,-0.023290553692724206, ,-0.08592376128995374,-0.02836328282508296, ,-0.060071528306543165,-0.019829506082069907, ,-0.023681874314620877,-0.007817345154933233, ,0.0,0.0, ,0.0,0.0, ,-0.012340686576758852,-0.00407363898387955
22033003603, ,0.0,0.0, ,0.0,0.0, ,0.0,0.0, ,0.0,0.0, ,0.0,0.0, ,0.0,0.0, ,0.0,0.0, ,0.0,0.0, ,0.0,0.0, ,0.0,0.0, ,0.0,0.0, ,0.0,0.0, ,0.0,0.0, ,0.0,0.0, ,0.0,0.0, ,0.0,0.0, ,0.0,0.0, ,0.0,0.0, ,0.0,0.0, ,0.0,0.0, ,-0.011182573624420433,-0.003691347930538441, ,-0.013186920826475879,-0.004352979424761788, ,-0.006032327820040928,-0.0019912608280271095, ,0.0,0.0, ,0.0,0.0, ,0.0,0.0, ,0.0,0.0, ,0.0,0.0, ,0.0,0.0, ,0.0,0.0, ,0.0,0.0, ,0.0,0.0, ,0.0,0.0, ,0.0,0.0, ,-0.00032327835528311866,-0.00010671361779869871, ,-0.04228636345905956,-0.013958654374849765, ,-0.11840131953945265,-0.03908406781248722
22033003909, ,0.0,0.0, ,0.0,0.0, ,0.0,0.0, ,0.0,0.0, ,0.0,0.0, ,0.0,0.0, ,0.0,0.0, ,0.0,0.0, ,0.0,0.0, ,0.0,0.0, ,0.0,0.0, ,0.0,0.0, ,0.0,0.0, ,0.0,0.0, ,0.0,0.0, ,0.04475457368065694,0.014773406237849417, ,0.0,0.0, ,0.0,0.0, ,0.0,0.0, ,0.0,0.0, ,-0.03710177590139585,-0.012247231119841313, ,-0.07864964387336659,-0.025962109430295296, ,0.0,0.0, ,0.0,0.0, ,0.059003929310553094,0.019477093526887906, ,0.2820778750773365,0.09311341158027676, ,0.3870377650119903,0.127760487066883, ,0.4021281335237188,0.13274179123242733, ,0.6067266385877463,0.20027939873004838, ,0.6467401824046646,0.21348779932931075, ,0.6921614445929929,0.22848127827365522, ,0.647424109792373,0.2137135625598557, ,0.5376287125214816,0.17747029458677707, ,0.33301485841116296,0.10992762039590943, ,0.10787153829267027,0.0356082055003044, ,0.0,0.0, ,0.0,0.0
22033004800, ,0.0,0.0, ,0.0,0.0, ,0.0,0.0, ,0.0,0.0, ,0.0,0.0, ,0.0,0.0, ,0.0,0.0, ,0.0,0.0, ,0.0,0.0, ,0.0,0.0, ,0.0,0.0, ,0.0,0.0, ,0.0,0.0, ,0.0,0.0, ,0.0,0.0, ,0.0,0.0, ,0.007065906899898278,0.0023324434685909443, ,0.0,0.0, ,0.0,0.0, ,0.0,0.0, ,0.0,0.0, ,0.0,0.0, ,0.0,0.0, ,0.0,0.0, ,0.0,0.0, ,0.0,0.0, ,0.0,0.0, ,0.0,0.0, ,0.0,0.0, ,0.0,0.0, ,0.0,0.0, ,0.0,0.0, ,0.0,0.0, ,0.0,0.0, ,0.0,0.0, ,0.0,0.0, ,-0.025350152884549504,-0.008368040983415814
22033004014, ,0.0,0.0, ,0.0,0.0, ,0.0,0.0, ,0.0,0.0, ,0.0,0.0, ,0.0,0.0, ,-0.002051212449891593,-0.0006771016302961693, ,0.0,0.0, ,0.0,0.0, ,0.0,0.0, ,0.0,0.0, ,0.0,0.0, ,0.0,0.0, ,0.0,0.0, ,0.0,0.0, ,0.0,0.0, ,0.0,0.0, ,0.0,0.0, ,0.0,0.0, ,0.0,0.0, ,0.0,0.0, ,0.0,0.0, ,0.0,0.0, ,0.0,0.0, ,0.0,0.0, ,0.0,0.0, ,0.0,0.0, ,-0.07602809648318021,-0.0250967412370164, ,-0.1011892176325554,-0.03340238317635903, ,0.0,0.0, ,0.0,0.0, ,0.0,0.0, ,0.003987611386616408,0.0013163035213676838, ,0.0,0.0, ,0.0,0.0, ,0.0,0.0, ,-0.11699586919926774,-0.03862013112143906
22033004011, ,0.0,0.0, ,0.039517011133690216,0.013044496031831141, ,0.0,0.0, ,0.0,0.0, ,0.0,0.0, ,0.0,0.0, ,0.0,0.0, ,0.0,0.0, ,0.0,0.0, ,0.0,0.0, ,0.0,0.0, ,0.0,0.0, ,0.0,0.0, ,0.0,0.0, ,0.0,0.0, ,0.0,0.0, ,0.0,0.0, ,0.0,0.0, ,0.0,0.0, ,0.0,0.0, ,0.0,0.0, ,0.0,0.0, ,0.0,0.0, ,0.0,0.0, ,0.0,0.0, ,0.0,0.0, ,0.0,0.0, ,0.0,0.0, ,0.0,0.0, ,0.0,0.0, ,0.0,0.0, ,0.0,0.0, ,0.0,0.0, ,0.0,0.0, ,0.0,0.0, ,0.0,0.0, ,0.0,0.0
22033002000, ,-0.01861400907577715,-0.006144451732546036, ,0.0,0.0, ,0.0,0.0, ,0.0,0.0, ,0.0,0.0, ,0.0,0.0, ,0.0,0.0, ,0.0,0.0, ,0.0,0.0, ,0.0,0.0, ,0.0,0.0, ,0.0,0.0, ,0.0,0.0, ,0.0,0.0, ,0.0,0.0, ,0.0,0.0, ,0.0,0.0, ,0.0,0.0, ,0.0,0.0, ,0.0,0.0, ,0.0,0.0, ,0.0,0.0, ,0.0,0.0, ,0.0,0.0, ,0.0,0.0, ,0.0,0.0, ,0.0,0.0, ,0.0,0.0, ,-0.04465480815366096,-0.014740473812453938, ,-0.12566866737437854,-0.04148300658024759, ,-0.14881333222731896,-0.04912301983456098, ,-0.1788642713953973,-0.05904278212135493, ,-0.13686419669578798,-0.04517863116362779, ,-0.08570196022032894,-0.02829006668121043, ,-0.05102292625683169,-0.016842578423706338, ,-0.05367256823403321,-0.017717220590859298, ,-0.11449635958067106,-0.03779504738241329
22033003000, ,0.0,0.0, ,0.0,0.0, ,0.0,0.0, ,0.0,0.0, ,0.0,0.0, ,0.0,0.0, ,0.0,0.0, ,0.0,0.0, ,0.0,0.0, ,0.0,0.0, ,0.0,0.0, ,0.0,0.0, ,0.0,0.0, ,0.0,0.0, ,0.0,0.0, ,0.0,0.0, ,0.0,0.0, ,0.0,0.0, ,0.006551684987902373,0.002162699717784029, ,0.0,0.0, ,0.0,0.0, ,0.0,0.0, ,0.0,0.0, ,0.0,0.0, ,0.0,0.0, ,-0.0213275984946672,-0.00704020283798711, ,-0.08328306280012249,-0.02749159288741713, ,-0.0890077241336295,-0.029381293548124365, ,-0.03699877363124121,-0.01221323025120891, ,-0.005814141850247756,-0.0019192380222653196, ,0.0,0.0, ,0.0,0.0, ,0.0,0.0, ,0.0,0.0, ,0.0,0.0, ,-0.08791651560937641,-0.029021087529092108, ,-0.25945491172245977,-0.08564561107500629
22033001800, ,0.0,0.0, ,0.0,0.0, ,0.0,0.0, ,0.0,0.0, ,0.0,0.0, ,0.0,0.0, ,0.0,0.0, ,0.0,0.0, ,0.0,0.0, ,0.0,0.0, ,0.0,0.0, ,0.0,0.0, ,0.0,0.0, ,0.0,0.0, ,0.0,0.0, ,0.0,0.0, ,0.0,0.0, ,0.0,0.0, ,0.0,0.0, ,0.0,0.0, ,0.0,0.0, ,0.0,0.0, ,0.0,0.0, ,0.0,0.0, ,0.0,0.0, ,0.0,0.0, ,0.0,0.0, ,0.0,0.0, ,0.0,0.0, ,0.0,0.0, ,-0.03167142171860693,-0.010454680733143764, ,0.0,0.0, ,-0.024880403846988308,-0.00821297765041998, ,-0.028023256312797118,-0.00925042773438956, ,-0.05064079398630961,-0.01671643723176254, ,-0.07787896965021046,-0.025707711221590084, ,-0.14138037742359133,-0.04666941449700186
22033000601, ,0.0,0.0, ,-0.05598101057859384,-0.018479233358005536, ,0.0,0.0, ,0.0,0.0, ,0.0,0.0, ,0.0,0.0, ,0.0,0.0, ,0.0,0.0, ,0.0,0.0, ,0.0,0.0, ,0.0,0.0, ,0.0,0.0, ,0.0,0.0, ,0.0,0.0, ,0.0,0.0, ,0.0,0.0, ,0.0,0.0, ,0.0,0.0, ,0.0,0.0, ,0.0,0.0, ,0.0,0.0, ,0.0,0.0, ,0.0,0.0, ,0.0,0.0, ,0.0,0.0, ,0.0,0.0, ,0.0,0.0, ,0.0,0.0, ,0.0,0.0, ,0.0,0.0, ,0.0,0.0, ,0.0,0.0, ,0.0,0.0, ,0.0,0.0, ,0.0,0.0, ,0.0,0.0, ,0.0,0.0
22033000602, ,0.0,0.0, ,0.028150764962321384,0.009292518115848733, ,0.0,0.0, ,0.0,0.0, ,0.0,0.0, ,0.0,0.0, ,0.0,0.0, ,0.0,0.0, ,0.0,0.0, ,0.0,0.0, ,0.0,0.0, ,0.0,0.0, ,0.0,0.0, ,0.0,0.0, ,0.0,0.0, ,0.0,0.0, ,0.0,0.0, ,0.0,0.0, ,0.0,0.0, ,0.0,0.0, ,0.0,0.0, ,0.0,0.0, ,0.0,0.0, ,-0.041054771367877274,-0.013552107986715535, ,-0.05085195803232745,-0.01678614211280798, ,-0.04624536761712261,-0.015265514700271189, ,-0.08002321030404547,-0.026415521298764556, ,-0.14869379294387874,-0.049083560126861714, ,-0.12821815103524847,-0.04232458666293464, ,-0.13986861781848736,-0.046170385304152586, ,-0.20633334231967915,-0.06811027423146537, ,-0.23273235155328487,-0.07682454085519942, ,-0.23908807832793966,-0.07892255511065269, ,-0.29429619314643074,-0.09714665693450522, ,-0.4082795165924755,-0.13477235198914053, ,-0.6033956547823176,-0.19917984682099812, ,-0.9014050281807677,-0.29755221804090504
22033003101, ,0.0,0.0, ,-0.0019183516871414952,-0.0006332445256528944, ,0.0107587544580805,0.0035514459674362286, ,0.0,0.0, ,0.0,0.0, ,0.0,0.0, ,0.0,0.0, ,0.0,0.0, ,0.0,0.0, ,0.0,0.0, ,0.0,0.0, ,0.0,0.0, ,0.0,0.0, ,0.0,0.0, ,0.0,0.0, ,0.0,0.0, ,0.0,0.0, ,0.0,0.0, ,0.0,0.0, ,0.0,0.0, ,-0.014152437031621279,-0.0046716946298181305, ,-0.030162574595062663,-0.0099566129453466, ,-0.05847668111076976,-0.019303049821340543, ,-0.12542912816712315,-0.04140393510826961, ,-0.09802125913568727,-0.032356645635592166, ,-0.06197417942726258,-0.02045756787829781, ,0.0,0.0, ,0.0,0.0, ,0.0,0.0, ,0.0,0.0, ,0.0,0.0, ,0.0,0.0, ,0.0,0.0, ,0.0,0.0, ,0.0,0.0, ,0.0,0.0, ,-0.1656176421184019,-0.05467009304185145
22033000500, ,0.0,0.0, ,0.0,0.0, ,0.0,0.0, ,0.0,0.0, ,0.0,0.0, ,0.0,0.0, ,0.0,0.0, ,0.0,0.0, ,0.0,0.0, ,0.0,0.0, ,0.0,0.0, ,0.0,0.0, ,0.0,0.0, ,0.0,0.0, ,0.0,0.0, ,0.0,0.0, ,0.0,0.0, ,0.0,0.0, ,0.0,0.0, ,0.0,0.0, ,0.0,0.0, ,0.0,0.0, ,0.0,0.0, ,0.0,0.0, ,0.0,0.0, ,0.0,0.0, ,0.0,0.0, ,0.0,0.0, ,0.0,0.0, ,0.0,0.0, ,0.0,0.0, ,0.0,0.0, ,0.0,0.0, ,0.0,0.0, ,0.0,0.0, ,0.0,0.0, ,0.0,0.0
22033001104, ,0.0,0.0, ,-0.045367037151988754,-0.01497557935500144, ,0.0,0.0, ,0.0,0.0, ,0.0,0.0, ,0.0,0.0, ,0.0,0.0, ,0.0,0.0, ,0.0,0.0, ,0.0,0.0, ,0.0,0.0, ,0.0,0.0, ,0.0,0.0, ,0.0,0.0, ,0.0,0.0, ,0.0,0.0, ,0.0,0.0, ,0.0,0.0, ,0.0,0.0, ,0.0,0.0, ,0.0,0.0, ,0.0,0.0, ,0.0,0.0, ,0.0,0.0, ,0.0,0.0, ,0.0,0.0, ,0.0,0.0, ,0.0,0.0, ,0.0,0.0, ,0.0,0.0, ,0.0,0.0, ,0.0,0.0, ,0.0,0.0, ,0.0,0.0, ,0.0,0.0, ,0.0,0.0, ,-0.12071383676598169,-0.03984742569102074
22033003702, ,0.0,0.0, ,-0.008496959768059753,-0.0028048315091975394, ,0.0,0.0, ,0.0,0.0, ,0.0,0.0, ,0.0,0.0, ,0.0,0.0, ,0.0,0.0, ,0.0,0.0, ,0.0,0.0, ,0.0,0.0, ,0.0,0.0, ,0.0,0.0, ,0.0,0.0, ,0.0,0.0, ,0.0,0.0, ,0.0,0.0, ,0.0,0.0, ,0.0,0.0, ,0.0,0.0, ,0.0,0.0, ,0.0,0.0, ,0.0,0.0, ,0.0,0.0, ,0.0,0.0, ,0.0,0.0, ,0.0,0.0, ,0.0,0.0, ,0.0,0.0, ,0.0,0.0, ,0.0,0.0, ,0.0,0.0, ,0.0,0.0, ,0.0,0.0, ,0.0,0.0, ,0.0,0.0, ,0.0,0.0
22033002801, ,0.0,0.0, ,0.0,0.0, ,0.0,0.0, ,0.0,0.0, ,0.0,0.0, ,0.0,0.0, ,0.0,0.0, ,0.0,0.0, ,0.0,0.0, ,0.0,0.0, ,0.0,0.0, ,0.0,0.0, ,0.0,0.0, ,0.0,0.0, ,0.0,0.0, ,0.0,0.0, ,0.0,0.0, ,0.0,0.0, ,0.0,0.0, ,0.0,0.0, ,0.0,0.0, ,0.0,0.0, ,0.0,0.0, ,0.0,0.0, ,0.0,0.0, ,0.0,0.0, ,0.0,0.0, ,0.0,0.0, ,0.0,0.0, ,0.0,0.0, ,0.0,0.0, ,0.0,0.0, ,0.0,0.0, ,0.0,0.0, ,0.0,0.0, ,0.0,0.0, ,0.0,0.0
22033003802, ,0.0,0.0, ,0.0,0.0, ,0.0,0.0, ,0.0,0.0, ,0.0,0.0, ,0.0,0.0, ,0.0,0.0, ,0.0,0.0, ,0.0,0.0, ,0.0,0.0, ,0.0,0.0, ,0.0,0.0, ,0.0,0.0, ,0.0,0.0, ,0.0,0.0, ,0.0,0.0, ,0.0,0.0, ,0.0,0.0, ,0.0,0.0, ,0.0,0.0, ,0.0,0.0, ,0.0,0.0, ,0.0,0.0, ,0.0,0.0, ,0.0,0.0, ,0.0,0.0, ,0.0,0.0, ,0.0,0.0, ,0.0,0.0, ,0.0,0.0, ,0.0,0.0, ,0.0,0.0, ,0.0,0.0, ,0.0,0.0, ,0.0,0.0, ,0.0,0.0, ,0.0,0.0
22033000300, ,0.0,0.0, ,0.0,0.0, ,0.0,0.0, ,0.0,0.0, ,0.0,0.0, ,0.0,0.0, ,0.0,0.0, ,0.0,0.0, ,0.0,0.0, ,0.0,0.0, ,-0.020859969362880426,-0.006885839282167458, ,0.0,0.0, ,0.0,0.0, ,0.0,0.0, ,0.0,0.0, ,0.0,0.0, ,0.0,0.0, ,0.0,0.0, ,0.0,0.0, ,0.0,0.0, ,0.0,0.0, ,0.0,0.0, ,0.0,0.0, ,0.0,0.0, ,0.0,0.0, ,0.0,0.0, ,0.0,0.0, ,0.0,0.0, ,0.0,0.0, ,0.0,0.0, ,0.0,0.0, ,0.0,0.0, ,0.0,0.0, ,0.0,0.0, ,-0.00045357028973505575,-0.00014972275672846228, ,0.0,0.0, ,0.0,0.0
22033003805, ,0.0,0.0, ,0.0,0.0, ,0.0,0.0, ,0.0,0.0, ,0.0,0.0, ,0.0,0.0, ,0.0,0.0, ,0.0,0.0, ,0.0,0.0, ,0.0,0.0, ,-0.0023162065218413908,-0.0007645757084422489, ,0.0,0.0, ,0.0,0.0, ,0.0,0.0, ,0.0,0.0, ,0.0,0.0, ,0.0,0.0, ,0.0,0.0, ,0.0,0.0, ,-0.006664539614773868,-0.002199952832080012, ,0.0,0.0, ,0.0,0.0, ,0.0,0.0, ,0.0,0.0, ,0.0,0.0, ,0.0,0.0, ,-0.0576843427248005,-0.01904150031050641, ,-0.12538811247666976,-0.04139039590082419, ,-0.21018026983238924,-0.06938013825292491, ,-0.27789424078767305,-0.09173240124258902, ,-0.2102371728435485,-0.06939892183705669, ,-0.14563411239510918,-0.04807356494675892, ,-0.0565024552331061,-0.018651361323442823, ,0.0,0.0, ,0.0,0.0, ,0.0,0.0, ,0.0,0.0
22033003804, ,0.0,0.0, ,0.0,0.0, ,0.0,0.0, ,0.0,0.0, ,0.0,0.0, ,0.0,0.0, ,0.0,0.0, ,0.0,0.0, ,0.0,0.0, ,0.0,0.0, ,0.0,0.0, ,0.0,0.0, ,0.0015544335860096792,0.0005131157990630857, ,0.0,0.0, ,0.0,0.0, ,0.0,0.0, ,0.0,0.0, ,0.0,0.0, ,0.0,0.0, ,0.0,0.0, ,-0.018192278004335753,-0.006005239045905698, ,-0.020139991817297233,-0.006648175957767892, ,0.0,0.0, ,0.0,0.0, ,0.0,0.0, ,0.0,0.0, ,0.0,0.0, ,0.0,0.0, ,0.0,0.0, ,0.0,0.0, ,0.0,0.0, ,0.0,0.0, ,0.0,0.0, ,0.0,0.0, ,0.0,0.0, ,0.0,0.0, ,0.0,0.0
22033004201, ,0.0,0.0, ,0.0,0.0, ,0.0,0.0, ,0.0,0.0, ,0.0,0.0, ,0.0,0.0, ,0.0,0.0, ,0.0,0.0, ,0.005974069552786454,0.0019720298762364655, ,0.0,0.0, ,0.0,0.0, ,0.0,0.0, ,0.0,0.0, ,0.0,0.0, ,0.0,0.0, ,0.0,0.0, ,-0.001411060008448095,-0.000465788432698147, ,0.0,0.0, ,0.0,0.0, ,0.0,0.0, ,-0.00696799904601153,-0.0023001242578290265, ,-0.001911962568406922,-0.0006311354887700674, ,-0.012308417859209275,-0.004062987136840722, ,-0.05278883441061394,-0.0174255016065012, ,0.0,0.0, ,0.0,0.0, ,0.0,0.0, ,0.029776424509116217,0.009829145479581577, ,0.03647074257236038,0.012038928125247204, ,0.00606832903472293,0.0020031447658196643, ,0.0,0.0, ,0.0,0.0, ,0.0,0.0, ,0.0,0.0, ,0.0,0.0, ,0.0,0.0, ,0.0,0.0
22033002400, ,-0.008104697896517993,-0.0026753465537323025, ,0.0,0.0, ,-0.01776254435937885,-0.005863384723790594, ,0.0,0.0, ,0.0,0.0, ,0.0,0.0, ,0.0,0.0, ,0.0,0.0, ,0.0,0.0, ,0.0,0.0, ,0.0,0.0, ,0.0,0.0, ,0.0,0.0, ,0.0,0.0, ,0.0,0.0, ,0.0,0.0, ,0.0,0.0, ,0.0,0.0, ,0.0,0.0, ,0.0,0.0, ,0.0,0.0, ,0.03779156311059817,0.012474928667178751, ,0.0,0.0, ,0.0,0.0, ,-0.03457598931359296,-0.011413473399390696, ,-0.06606573823259271,-0.021808184260178727, ,-0.041622532564637826,-0.013739524961473947, ,0.0,0.0, ,0.0,0.0, ,0.0,0.0, ,0.0,0.0, ,0.0,0.0, ,0.0,0.0, ,0.0,0.0, ,0.0,0.0, ,0.0,0.0, ,0.0,0.0
22033003906, ,0.0,0.0, ,-0.008374692231532588,-0.002764471209941743, ,0.0,0.0, ,0.0,0.0, ,0.0,0.0, ,0.0,0.0, ,0.0,0.0, ,0.0,0.0, ,0.0,0.0, ,0.0,0.0, ,0.0,0.0, ,0.0,0.0, ,0.0,0.0, ,0.0,0.0, ,0.0,0.0, ,0.0,0.0, ,0.0,0.0, ,0.0,0.0, ,0.0,0.0, ,0.0,0.0, ,0.0,0.0, ,0.0,0.0, ,0.0,0.0, ,0.0,0.0, ,0.0,0.0, ,0.0,0.0, ,0.0,0.0, ,0.0,0.0, ,0.0,0.0, ,0.0,0.0, ,0.0,0.0, ,0.0,0.0, ,0.0,0.0, ,0.0,0.0, ,0.0,0.0, ,0.0,0.0, ,0.0,0.0
22033003103, ,0.0,0.0, ,0.0,0.0, ,0.0,0.0, ,0.0,0.0, ,0.0,0.0, ,0.0,0.0, ,0.0,0.0, ,0.0,0.0, ,0.0,0.0, ,0.0,0.0, ,0.0,0.0, ,0.0,0.0, ,0.0,0.0, ,0.0,0.0, ,0.0,0.0, ,0.0,0.0, ,0.0,0.0, ,0.0,0.0, ,0.0,0.0, ,-0.005837902079271595,-0.001927081232172271, ,0.0,0.0, ,0.0,0.0, ,-0.006012373135713012,-0.0019846738217464137, ,-0.0032826793175608215,-0.0010836066823684788, ,-0.0486583935913269,-0.016062050340042232, ,-0.054626206445374026,-0.018032014891003933, ,-0.0705059140488698,-0.02327387850562938, ,0.0,0.0, ,0.0,0.0, ,0.0,0.0, ,0.0,0.0, ,0.0,0.0, ,0.0,0.0, ,0.0,0.0, ,0.0,0.0, ,0.0,0.0, ,0.0,0.0
22033004005, ,0.0,0.0, ,0.0,0.0, ,0.03898563069507066,0.012869088281495085, ,0.0,0.0, ,0.0,0.0, ,0.0,0.0, ,0.0,0.0, ,0.0,0.0, ,0.0,0.0, ,0.0,0.0, ,0.0,0.0, ,0.0,0.0, ,0.0,0.0, ,0.0,0.0, ,0.0,0.0, ,0.0,0.0, ,0.0,0.0, ,0.0,0.0, ,0.0,0.0, ,0.0,0.0, ,0.0,0.0, ,0.0,0.0, ,0.0,0.0, ,0.0,0.0, ,0.0,0.0, ,0.0,0.0, ,0.0,0.0, ,0.043415981123614666,0.014331539183696375, ,0.0,0.0, ,0.0,0.0, ,0.0,0.0, ,0.0031061201912935266,0.001025324824608903, ,0.027436668019173438,0.009056795967993917, ,0.0,0.0, ,0.0,0.0, ,0.0,0.0, ,-0.14945355466857735,-0.04933435613897506
22033004403, ,0.0,0.0, ,0.0,0.0, ,0.0,0.0, ,0.0,0.0, ,0.0,0.0, ,0.0,0.0, ,0.0,0.0, ,0.0,0.0, ,0.0,0.0, ,0.0,0.0, ,0.0,0.0, ,0.0,0.0, ,0.0,0.0, ,0.0,0.0, ,0.0,0.0, ,0.0,0.0, ,0.0,0.0, ,0.0,0.0, ,0.0,0.0, ,0.0,0.0, ,0.0,0.0, ,0.0,0.0, ,0.0,0.0, ,0.0,0.0, ,0.0,0.0, ,0.0,0.0, ,0.0,0.0, ,0.0,0.0, ,0.0,0.0, ,0.0,0.0, ,0.0,0.0, ,0.0,0.0, ,0.0,0.0, ,0.0,0.0, ,0.0,0.0, ,0.0,0.0, ,0.0,0.0
22033001103, ,0.0,0.0, ,0.0,0.0, ,0.0,0.0, ,0.0,0.0, ,0.0,0.0, ,0.0,0.0, ,0.0,0.0, ,0.0,0.0, ,0.0,0.0, ,0.0,0.0, ,0.0,0.0, ,0.0,0.0, ,0.0,0.0, ,0.0,0.0, ,0.0,0.0, ,0.0,0.0, ,0.0,0.0, ,0.0,0.0, ,0.0,0.0, ,0.0,0.0, ,0.0,0.0, ,0.0,0.0, ,0.0,0.0, ,0.0,0.0, ,0.0,0.0, ,0.0,0.0, ,0.0,0.0, ,0.0,0.0, ,0.0,0.0, ,0.0,0.0, ,0.0,0.0, ,0.0,0.0, ,0.0,0.0, ,0.0,0.0, ,0.0,0.0, ,0.0,0.0, ,0.0,0.0
22033002200, ,0.0,0.0, ,0.02086714697076389,0.006888208597934714, ,0.0,0.0, ,0.0,0.0, ,0.0,0.0, ,0.0,0.0, ,0.0,0.0, ,0.0,0.0, ,0.0,0.0, ,0.0,0.0, ,0.0,0.0, ,0.0,0.0, ,0.0,0.0, ,0.0,0.0, ,0.0,0.0, ,0.0,0.0, ,0.0,0.0, ,0.0,0.0, ,0.0,0.0, ,0.0,0.0, ,0.0,0.0, ,0.0,0.0, ,-0.012441430048869717,-0.004106894227241382, ,-0.026500522229813167,-0.008747775885649822, ,-0.05204262991805958,-0.017179180812928803, ,-0.05894139916503227,-0.01945645243557772, ,-0.08612776638961467,-0.028430624550498308, ,-0.1019789119252249,-0.0336630598766347, ,-0.12062530942502118,-0.0398182029711151, ,-0.08905711919567022,-0.02939759877142686, ,-0.1003109420726987,-0.03311246595522493, ,-0.12210851527739258,-0.04030780662029272, ,-0.13938426796588307,-0.046010502267732144, ,-0.15498088533851329,-0.051158918293908076, ,-0.17647953251887727,-0.05825558400289201, ,-0.20621550159506313,-0.0680713752150534, ,-0.24652408465516784,-0.0813771677507646
22033003507, ,0.0,0.0, ,0.035149382777506885,0.011602749575653085, ,0.0,0.0, ,0.0,0.0, ,0.0,0.0, ,0.0,0.0, ,0.0,0.0, ,0.0,0.0, ,0.0,0.0, ,0.030607492911733182,0.01010347970094871, ,0.0,0.0, ,0.0,0.0, ,0.0,0.0, ,0.0,0.0, ,0.0,0.0, ,0.0,0.0, ,0.0,0.0, ,0.0,0.0, ,0.0,0.0, ,0.0,0.0, ,0.0,0.0, ,0.0,0.0, ,0.0,0.0, ,0.0,0.0, ,0.0,0.0, ,0.0,0.0, ,0.0,0.0, ,0.0,0.0, ,0.0,0.0, ,0.0,0.0, ,0.0,0.0, ,0.0,0.0, ,0.0,0.0, ,0.0,0.0, ,0.0,0.0, ,0.0,0.0, ,0.0,0.0
22033005000, ,0.0,0.0, ,0.0,0.0, ,0.0,0.0, ,0.0,0.0, ,0.0,0.0, ,0.0,0.0, ,0.0,0.0, ,0.00019289552196458115,6.367447331257724e-05, ,0.0,0.0, ,0.0,0.0, ,0.0,0.0, ,0.0,0.0, ,0.0,0.0, ,0.0,0.0, ,0.0,0.0, ,0.0,0.0, ,0.011866483892623736,0.0039171055099648045, ,0.0,0.0, ,0.0,0.0, ,-0.0018348419345103617,-0.0006056781028500499, ,-0.020727748309978672,-0.006842193344622576, ,-0.04230279551396851,-0.013964078567340676, ,-0.04395417604189866,-0.014509196381811796, ,-0.031830601999035035,-0.01050722586438776, ,-0.053564186770067274,-0.01768144405978905, ,-0.050977703905414284,-0.01682765060485843, ,-0.03140143588740235,-0.010365558884027088, ,-0.02009662681055263,-0.006633861245137259, ,0.0,0.0, ,-0.004856789001858042,-0.001603217526949188, ,-0.020750701720094578,-0.006849770225023802, ,-0.016672735892311774,-0.005503640861178661, ,-0.011345031159513325,-0.0037449748777964435, ,-0.0263029256881471,-0.008682549613983008, ,-0.04181816911535435,-0.013804104243567657, ,-0.054259919316429206,-0.01791110415249016, ,-0.06000090050994428,-0.019806191970348393
22033002802, ,0.0,0.0, ,0.0,0.0, ,0.0,0.0, ,0.0,0.0, ,0.0,0.0, ,0.0,0.0, ,0.002662765678991902,0.0008789742780848419, ,0.0,0.0, ,0.0,0.0, ,0.0,0.0, ,0.0,0.0, ,0.0,0.0, ,0.0,0.0, ,0.0,0.0, ,0.0,0.0, ,0.0,0.0, ,0.0,0.0, ,0.0,0.0, ,0.0,0.0, ,-0.0031402721707289374,-0.001036598333091547, ,0.0,0.0, ,0.0,0.0, ,-0.002303957759487968,-0.0007605324134831862, ,-0.006513020425380545,-0.0021499366135431194, ,0.0,0.0, ,-0.0016108797145960169,-0.0005317485670592708, ,-0.005513302384475338,-0.0018199314425189368, ,-0.015042798493515225,-0.004965601386006712, ,-0.03544779230294357,-0.011701254036358638, ,-0.039985142541538454,-0.013199025388097302, ,-0.010383913816405181,-0.0034277117293795936, ,0.0,0.0, ,-0.012054664379879593,-0.00397922355859385, ,-0.020326918954460482,-0.006709880277730712, ,-0.02159912062966681,-0.007129831818290662, ,-0.025712860194799694,-0.008487770030060262, ,-0.02443016334673661,-0.008064354051356947
22033980000, ,0.0,0.0, ,0.005107506937293921,0.0016859790774834075, ,0.0,0.0, ,0.0,0.0, ,0.0,0.0, ,0.0,0.0, ,0.0,0.0, ,0.0,0.0, ,0.0,0.0, ,0.0003432744990834874,0.00011331430977849918, ,0.0,0.0, ,0.0,0.0, ,0.0,0.0, ,0.0,0.0, ,0.0,0.0, ,0.0,0.0, ,0.0,0.0, ,0.0,0.0, ,0.0,0.0, ,0.0,0.0, ,0.0,0.0, ,0.0,0.0, ,0.0,0.0, ,0.0,0.0, ,0.0,0.0, ,0.0,0.0, ,0.0,0.0, ,0.0,0.0, ,0.0,0.0, ,0.0,0.0, ,0.0,0.0, ,0.0,0.0, ,0.0,0.0, ,0.0,0.0, ,0.0,0.0, ,0.0,0.0, ,0.0,0.0
22033004015, ,0.0,0.0, ,0.0012097175147735718,0.00039932562884663917, ,0.0,0.0, ,0.0,0.0, ,0.0,0.0, ,0.0,0.0, ,0.0,0.0, ,0.0,0.0, ,0.0,0.0, ,0.0,0.0, ,0.0,0.0, ,0.0,0.0, ,0.0,0.0, ,0.0,0.0, ,0.0,0.0, ,0.0,0.0, ,0.0,0.0, ,0.0,0.0, ,0.0,0.0, ,-0.0042031965417738335,-0.0013874678027820545, ,-0.002427185102224648,-0.0008012095430845012, ,0.0,0.0, ,0.0,0.0, ,0.003217131065436014,0.0010619693193644091, ,0.005937225501331673,0.0019598677195042037, ,0.006351040049558209,0.002096467175723021, ,0.0036061640722060227,0.0011903884322344168, ,0.0,0.0, ,0.0,0.0, ,-0.000829315439596765,-0.0002737555713502182, ,0.0,0.0, ,0.0,0.0, ,0.0,0.0, ,0.0,0.0, ,0.008339911340749516,0.002752990098926833, ,0.023514124002648337,0.007761971071314883, ,0.04308813519101088,0.014223317816639188
22033004504, ,0.0,0.0, ,0.0,0.0, ,0.0,0.0, ,0.0,0.0, ,0.0,0.0, ,0.0,0.0, ,0.0,0.0, ,0.0,0.0, ,0.0,0.0, ,0.0,0.0, ,0.0,0.0, ,0.0,0.0, ,0.0,0.0, ,0.0,0.0, ,0.0,0.0, ,0.0,0.0, ,0.00047518577690928987,0.00015685799111439503, ,0.0,0.0, ,0.0,0.0, ,-0.0019173448170815375,-0.0006329121596129312, ,0.0,0.0, ,0.0,0.0, ,0.0,0.0, ,0.0,0.0, ,0.0,0.0, ,0.0,0.0, ,0.0,0.0, ,0.0,0.0, ,0.0,0.0, ,0.0,0.0, ,0.0,0.0, ,0.0,0.0, ,0.0,0.0, ,0.0,0.0, ,0.0,0.0, ,0.0,0.0, ,0.0,0.0
22033004006, ,0.0,0.0, ,0.0,0.0, ,0.0,0.0, ,0.0,0.0, ,0.0,0.0, ,0.0,0.0, ,0.0,0.0, ,0.0,0.0, ,0.0,0.0, ,0.001821961577816186,0.0006014263197074097, ,0.0,0.0, ,0.0,0.0, ,0.0,0.0, ,0.0,0.0, ,0.0,0.0, ,0.0,0.0, ,0.0,0.0, ,0.0,0.0, ,0.0,0.0, ,0.0,0.0, ,0.0,0.0, ,0.0,0.0, ,0.0,0.0, ,0.0,0.0, ,0.0,0.0, ,0.0,0.0, ,0.0,0.0, ,0.0,0.0, ,0.0,0.0, ,0.0,0.0, ,0.0,0.0, ,0.0,0.0, ,0.0,0.0, ,0.0,0.0, ,0.0,0.0, ,0.0,0.0, ,0.0,0.0
22033004203, ,0.0,0.0, ,0.0,0.0, ,0.0,0.0, ,0.0,0.0, ,0.0,0.0, ,0.0,0.0, ,0.0,0.0, ,0.0,0.0, ,0.0,0.0, ,0.0,0.0, ,0.0,0.0, ,0.0,0.0, ,0.0,0.0, ,0.0,0.0, ,0.0,0.0, ,0.0,0.0, ,0.0,0.0, ,0.0033827298202830924,0.0011166331777511397, ,0.0,0.0, ,0.0,0.0, ,0.0,0.0, ,0.0,0.0, ,0.0,0.0, ,0.0,0.0, ,0.0,0.0, ,0.0,0.0, ,0.0,0.0, ,0.0,0.0, ,0.0,0.0, ,0.0,0.0, ,0.0,0.0, ,0.0,0.0, ,0.0,0.0, ,0.0,0.0, ,0.0,0.0, ,0.0,0.0, ,0.0,0.0
22033003501, ,0.0,0.0, ,0.0,0.0, ,0.0,0.0, ,0.0,0.0, ,0.0,0.0, ,0.0,0.0, ,0.0,0.0, ,0.0,0.0, ,0.0,0.0, ,0.0,0.0, ,0.0,0.0, ,0.0,0.0, ,0.001580436823712372,0.0005216994221989548, ,0.0,0.0, ,0.0,0.0, ,0.0,0.0, ,0.0,0.0, ,0.0,0.0, ,0.0,0.0, ,0.0,0.0, ,0.0,0.0, ,0.0,0.0, ,0.0,0.0, ,0.0,0.0, ,0.0,0.0, ,0.0,0.0, ,0.0,0.0, ,0.0,0.0, ,0.0,0.0, ,0.0,0.0, ,0.0,0.0, ,0.0,0.0, ,0.0,0.0, ,0.0,0.0, ,0.0,0.0, ,0.0,0.0, ,0.0,0.0
22033004205, ,0.0,0.0, ,0.0,0.0, ,0.0,0.0, ,0.0,0.0, ,0.0,0.0, ,0.0,0.0, ,0.0,0.0, ,0.0,0.0, ,0.0,0.0, ,0.0,0.0, ,0.0,0.0, ,0.0,0.0, ,0.0003813198787988737,0.00012587302286152786, ,0.0,0.0, ,0.0,0.0, ,0.0,0.0, ,0.0,0.0, ,0.0,0.0, ,0.0,0.0, ,0.0,0.0, ,0.0,0.0, ,0.0,0.0, ,0.0,0.0, ,0.0,0.0, ,0.0,0.0, ,0.0,0.0, ,0.0,0.0, ,0.0,0.0, ,2.7966433430341893e-05,9.231670600602372e-06, ,1.780662032641305e-05,5.877934123165249e-06, ,0.0,0.0, ,0.0,0.0, ,0.0,0.0, ,0.0,0.0, ,-0.0004473494825670884,-0.0001476692791984232, ,0.0,0.0, ,0.0,0.0
22033004402, ,0.0,0.0, ,0.0,0.0, ,0.0,0.0, ,0.0,0.0, ,0.0,0.0, ,0.0,0.0, ,0.0,0.0, ,0.0,0.0, ,0.0,0.0, ,0.0,0.0, ,0.0,0.0, ,0.0,0.0, ,0.0,0.0, ,0.0,0.0, ,0.0,0.0, ,0.0009085250213900641,0.00029990251530531903, ,0.0,0.0, ,0.0,0.0, ,0.0,0.0, ,0.0,0.0, ,0.0,0.0, ,0.0,0.0, ,0.0,0.0, ,0.0,0.0, ,0.0,0.0, ,0.0,0.0, ,0.0,0.0, ,0.0,0.0, ,0.0,0.0, ,0.0,0.0, ,0.0,0.0, ,0.0,0.0, ,0.0,0.0, ,0.0,0.0, ,0.0,0.0, ,0.0,0.0, ,0.0,0.0
22033004508, ,0.0,0.0, ,0.0,0.0, ,0.0,0.0, ,0.0,0.0, ,0.0,0.0, ,0.0,0.0, ,-0.0005775516853205229,-0.00019064879785196987, ,0.0,0.0, ,0.0,0.0, ,0.0,0.0, ,0.0,0.0, ,0.0,0.0, ,0.0,0.0, ,0.0,0.0, ,0.0,0.0, ,0.0,0.0, ,0.0,0.0, ,0.0,0.0, ,0.0,0.0, ,0.0,0.0, ,0.0,0.0, ,0.0,0.0, ,0.0,0.0, ,0.0,0.0, ,0.0,0.0, ,0.0,0.0, ,0.0,0.0, ,0.0,0.0, ,0.0,0.0, ,0.0,0.0, ,0.0,0.0, ,0.0,0.0, ,0.0,0.0, ,0.0,0.0, ,0.0,0.0, ,0.0,0.0, ,0.0,0.0
22033004016, ,0.0,0.0, ,0.0,0.0, ,0.0,0.0, ,0.0,0.0, ,0.0,0.0, ,0.0,0.0, ,0.0,0.0, ,0.0,0.0, ,0.0,0.0, ,0.0,0.0, ,0.0,0.0, ,-0.000369664930981698,-0.00012202574503887058, ,0.0007688271985299825,0.0002537885091172298, ,0.0,0.0, ,0.0,0.0, ,0.0,0.0, ,0.0,0.0, ,0.0,0.0, ,0.0,0.0, ,0.0,0.0, ,-0.0007845797253986089,-0.0002589883905944482, ,-0.003582304232024578,-0.001182512340859135, ,0.0,0.0, ,0.0,0.0, ,0.0,0.0, ,0.0,0.0, ,0.0,0.0, ,0.0,0.0, ,0.0,0.0, ,0.0,0.0, ,0.0,0.0, ,0.0,0.0, ,0.0,0.0, ,0.0,0.0, ,0.0,0.0, ,0.0,0.0, ,0.0,0.0
22033004301, ,0.0,0.0, ,0.0,0.0, ,0.0,0.0, ,0.0,0.0, ,0.0,0.0, ,0.0,0.0, ,0.0,0.0, ,0.0,0.0, ,0.0,0.0, ,0.0,0.0, ,0.0,0.0, ,0.0,0.0, ,0.0,0.0, ,0.00040589065234874783,0.00013398379209420146, ,0.00029470718941068154,9.72823260801291e-05, ,0.0,0.0, ,0.0,0.0, ,0.0,0.0, ,0.0,0.0, ,0.0,0.0, ,0.0,0.0, ,0.0,0.0, ,0.0,0.0, ,0.0,0.0, ,0.0,0.0, ,0.0,0.0, ,-0.0003061166413311216,-0.00010104856613806363, ,-0.0006683294415526196,-0.000220614375889793, ,0.0,0.0, ,0.0,0.0, ,0.0,0.0, ,0.0,0.0, ,0.0,0.0, ,0.0,0.0, ,0.0,0.0, ,-0.001345081807813917,-0.00044400914444559636, ,-0.001416932397905116,-0.00046772689815319685
22033004602, ,0.0,0.0, ,0.0,0.0, ,0.0,0.0, ,0.0,0.0, ,0.0,0.0, ,0.0,0.0, ,0.0,0.0, ,0.0,0.0, ,0.0,0.0, ,0.0,0.0, ,0.0,0.0, ,0.0,0.0, ,0.0,0.0, ,0.0,0.0, ,0.001950594742106922,0.0006438879015177267, ,0.0,0.0, ,0.0,0.0, ,0.0,0.0, ,0.0,0.0, ,0.0,0.0, ,0.0,0.0, ,0.0,0.0, ,-0.001522996888177718,-0.0005027386002730365, ,0.0,0.0, ,0.0,0.0, ,0.0,0.0, ,0.0,0.0, ,0.0,0.0, ,0.0,0.0, ,0.0,0.0, ,0.0,0.0, ,0.0,0.0, ,0.0,0.0, ,0.0,0.0, ,0.0,0.0, ,0.0,0.0, ,0.0,0.0
22033003504, ,0.0,0.0, ,0.0,0.0, ,0.0,0.0, ,0.0,0.0, ,0.0,0.0, ,0.0,0.0, ,0.0,0.0, ,0.0,0.0, ,0.0,0.0, ,0.0,0.0, ,0.0,0.0, ,0.0,0.0, ,0.0,0.0, ,0.0,0.0, ,0.0,0.0, ,0.0,0.0, ,0.0,0.0, ,0.0,0.0, ,0.0,0.0, ,0.0,0.0, ,-0.0011010860874735417,-0.0003634665853184383, ,0.002131384989679673,0.0007035664449955742, ,0.004571274747326058,0.0015089697725409995, ,0.006179383905774811,0.0020398037838777567, ,0.006955712465025935,0.0022960684790058468, ,0.006900260425079426,0.002277763857925269, ,0.0026691773570942296,0.0008810907617753781, ,0.003816480063587494,0.0012598133719325332, ,0.007393136640137308,0.002440461431629804, ,0.008474451419094229,0.002797401542701072, ,0.012894533523230443,0.004256462889033932, ,0.014031300342133873,0.004631707621185779, ,0.013312862024098433,0.00439455239309873, ,0.010953209053804862,0.003615635088261089, ,0.007181814440394195,0.0023707043443171776, ,0.0021419029672900326,0.0007070384109480865, ,-0.003984101302393226,-0.0013151448487250142
22033004401, ,0.0,0.0, ,0.0,0.0, ,0.0,0.0, ,0.0,0.0, ,0.0,0.0, ,0.0,0.0, ,0.0,0.0, ,0.0,0.0, ,0.0,0.0, ,0.0,0.0, ,0.0,0.0, ,0.0,0.0, ,0.0,0.0, ,0.0,0.0, ,0.0,0.0, ,0.0,0.0, ,0.0,0.0, ,0.0,0.0, ,0.0,0.0, ,0.0,0.0, ,0.0,0.0, ,0.0,0.0, ,0.0,0.0, ,0.0,0.0, ,0.0,0.0, ,0.0,0.0, ,0.0,0.0, ,0.0,0.0, ,-0.004028953796649203,-0.0013299505783729484, ,-0.00014731100039359167,-4.862710273249954e-05, ,0.0028633519169735883,0.0009451874432592017, ,0.005081433514833938,0.0016773722864823154, ,0.007652143516837747,0.002525959147130241, ,0.00953686728965042,0.0031481031572725606, ,0.00933923462464346,0.003082864961354307, ,0.006142670392058553,0.0020276847174239172, ,-0.0009302012581718119,-0.0003070578030300903
22033003202, ,0.0,0.0, ,0.0,0.0, ,0.0,0.0, ,0.0,0.0, ,0.0,0.0, ,0.0,0.0, ,0.0,0.0, ,0.0,0.0, ,0.0,0.0, ,0.0,0.0, ,0.0,0.0, ,0.0,0.0, ,0.0,0.0, ,0.0,0.0, ,0.0,0.0, ,0.0,0.0, ,0.0,0.0, ,0.0,0.0, ,0.0,0.0, ,0.0,0.0, ,0.0,0.0, ,0.0,0.0, ,0.0,0.0, ,0.0,0.0, ,0.0,0.0, ,0.0,0.0, ,0.0,0.0, ,0.0,0.0, ,0.0,0.0, ,0.0,0.0, ,-0.004317304404371048,-0.001425134607991953, ,-0.00038020956816892885,-0.00012550651127092664, ,0.0020563623151708893,0.0006788015917880184, ,0.0044463644104725105,0.00146773708953498, ,0.007007636115502125,0.0023132083849137963, ,0.009526813994387007,0.0031447845821473636, ,0.011790534611254433,0.003892034785458576
22033004604, ,0.0,0.0, ,0.0,0.0, ,0.0,0.0, ,0.0,0.0, ,0.0,0.0, ,0.0,0.0, ,0.0,0.0, ,0.0,0.0, ,0.0,0.0, ,0.0,0.0, ,0.0,0.0, ,0.0,0.0, ,0.0,0.0, ,0.0,0.0, ,0.0,0.0, ,0.0,0.0, ,0.0,0.0, ,0.0,0.0, ,0.0,0.0, ,0.0,0.0, ,0.0,0.0, ,0.0,0.0, ,0.0,0.0, ,0.0,0.0, ,0.0,0.0, ,0.0,0.0, ,0.0,0.0, ,0.0,0.0, ,0.0,0.0, ,0.0,0.0, ,0.0,0.0, ,-0.006529933218303325,-0.00215551949680881, ,-0.004657600681024073,-0.0015374658117722618, ,-0.002396548369860213,-0.0007910964114915242, ,0.004920751036658301,0.001624331282397876, ,0.019070591102480557,0.006295168658362836, ,0.041711667552483296,0.01376894826455003
22033004204, ,0.0,0.0, ,0.0,0.0, ,0.0,0.0, ,0.0,0.0, ,0.0,0.0, ,0.0,0.0, ,0.0,0.0, ,0.0,0.0, ,0.0,0.0, ,0.0,0.0, ,0.0,0.0, ,0.0,0.0, ,0.0,0.0, ,0.0,0.0, ,0.0,0.0, ,0.0,0.0, ,0.0,0.0, ,0.0,0.0, ,0.0,0.0, ,0.0,0.0, ,0.0,0.0, ,0.0,0.0, ,0.0,0.0, ,0.0,0.0, ,0.0,0.0, ,0.0,0.0, ,0.0,0.0, ,0.0,0.0, ,0.0,0.0, ,0.0,0.0, ,0.0,0.0, ,0.0,0.0, ,-0.004898309740533921,-0.0016169234499266078, ,-0.004709794771948012,-0.0015546949895974519, ,-0.0005054084391804456,-0.00016683443889617972, ,0.009211628002990906,0.0030407422394675043, ,0.026055691138860478,0.008600937923104105
